id	status	category	issue	root_cause	fix	avoidance	doc_refs	script_refs	evidence_ref
ISS-001	fixed	server-backfill	props 未提供的字段被服务端用模板默认值回填（含模板文案与假链接：hero campaignPills/actions/serviceItems、contact-info socialLinks=Instagram/LinkedIn、company-story note/noteLabel、about-intro caption/fit）	设计器 commit 对缺失字段应用模块模板默认	所有可显示字段显式传（可空数组/空串）；提交后 readback 深度 diff	只允许 formSlug 空串与 columnCount=N 这类无害回填	DOC-003	SCRIPT-003	EV-003
ISS-002	fixed	server-backfill	header 导航 children 传元组列表被服务端丢弃并回填模板 Bags	构建器未递归转换 children	_naav_entry 递归转 dict 后重交并 readback 验证	children 必须 dict 数组	DOC-003	SCRIPT-002	EV-003
ISS-003	fixed	designer	globals 按页存储：单页 commit 只更新该页，其他页仍显示旧 footer/导航	平台数据模型 globals 随 page 存储	read_pages 全页→每页 readback document 原样回传+新 globals 重交 save+publish	全站全局变更必须全页重交	DOC-002	SCRIPT-001	EV-003
ISS-004	fixed	media	媒体 URL 不带扩展名导致运行时 404	资产 URL 后缀必须保留	URL 必须带 .jpg/.webp；上传后从响应取完整 URL	写任何 media 字段前检查扩展名	DOC-001	SCRIPT-001	EV-001
ISS-005	fixed	taxonomy	categories/tags 写入与读回不对称：写 id 字符串数组，读回 {id,name} 对象数组	API 映射不一致	写用 id 数组；读回按对象数组解析	页面引用分类用 slug query 不用 id	DOC-001	SCRIPT-001	EV-001
ISS-006	fixed	action-id	action id 随部署变化；用错 id 静默返回 {} 不报错	每部署 chunk 内 createServerReference 生成新 id	scan-actions.py 重扫并核对响应非空	换部署/升级必重扫 action id	DOC-001	SCRIPT-004	EV-001
ISS-007	fixed	taxonomy	产品误挂文章分类导致产品页分类错乱	posts/products 分类体系独立 contentType 不同	产品分类 contentType products；产品 categories 用产品分类 id；页面 target 用产品分类 slug	产品是产品 文章是文章	DOC-002	SCRIPT-001	EV-002
ISS-008	fixed	taxonomy	create_category2 缺省 cover 报 validation error	cover 字段 schema 必填 null 合法	payload 显式 cover=None 或完整对象	建分类永远显式传 cover	DOC-001	SCRIPT-001	EV-002
ISS-009	fixed	media	upload_media multipart 普通字段当文件拼导致 TypeError	str bytes 类型冲突	支持 fname=None 普通字段（0 字段放 JSON 文本）	表单字段区分文件/普通	DOC-001	SCRIPT-001	EV-002
ISS-010	fixed	rsc	设计器 RSC 的 initialPayload 双层包裹	RSC 组件 props 结构	取 ip[initialPayload] 再解 page.document/globals/themeConfig	解析器统一 unwrap	DOC-001	SCRIPT-001	EV-002
ISS-011	boundary	platform	soft-404：不存在路径返回 HTTP 200（Allin CMS Runtime shell；favicon.ico 亦 200 text/html）	平台 fallback 行为，工作台无配置入口	记录不接受误报；有 SEO 要求向平台反馈	不在本站点内容侧浪费工时	DOC-003	CAN-001	EV-003
ISS-012	boundary	platform	首页/列表页无 og；其余前端边界项属 ⛔ 禁令范围（不展开）	平台模板行为（详情页由平台按记录注入 og）	接受；详情页 og 可用；不阻塞交付	不当作内容 bug	DOC-003	CAN-001	EV-003
ISS-013	boundary	platform	首页多 H1（carousel slide 与 hero 均输出 h1）	模块渲染固定 tag	内容策略：首屏主标题承担主语义	不误报为 SEO 失败	DOC-003	CAN-001	EV-003
ISS-014	boundary	platform	contact 表单 SSR 无 form 元素（客户端组件 hydration 后渲染）	平台渲染架构	接受；无 JS 场景不可用	记录即可	DOC-001	CAN-001	EV-003
ISS-015	boundary	platform	contact 页 map tile 加载失败显示灰块	地图依赖外部 tile 服务	接受；数据正常	记录即可	DOC-003	CAN-001	EV-003
ISS-016	pending	forms	submitRuntimeFormAction 接口级实测 HTTP 500（digest 753112626）；payload [{formSlug,values}] 与浏览器一致	假设 demo 邮箱不可收件/需浏览器同源会话；未闭环	上线前换真实邮箱并浏览器实提一次	通过前不得宣称表单链路 OK	DOC-001	CAN-001	EV-003
ISS-017	fixed	copy	About 页图注 800ml 与产品 500ml 矛盾	文案与产品数据未交叉核对	发布前全站数字一致性自检（容量/参数/年份）	跨模块数字必须一致	DOC-003	SCRIPT-003	EV-003
ISS-018	fixed	copy	demo 联系方式进入公网（demo 邮箱/电话/地址/wa 号码与 synthetic 标注）	占位值未被替换清单拦截	上线前 demo 值替换清单核对 A3	正式站必换真实可收件邮箱	DOC-002	CAN-001	EV-003
ISS-019	fixed	media	upload_media 的 media_urls 返回累积全量（每次含历史所有 URL），非本次新增	解析器取响应 assets 列表全量	按差值取本次新增 URL（本次集 - 上次集），或直接取列表最后一个/去重比对	上传后不要直接用全量列表作为本次资产 URL	DOC-001	SCRIPT-001	EV-003
ISS-020	fixed	payload	产品/文章 create 缺 siteId 报 validationErrors.siteId expected string	create 动作需要 payload 内显式 siteId（并非由路径推断）	create/update/publish payload 一律显式带 siteId	写 payload 前检查 siteId 在场	DOC-001	SCRIPT-001	EV-003
ISS-021	fixed	payload	media 写入格式为扁平 {name,alt,type,source,url}；readback 才是包裹 {type,value:{...}}	写读格式不对称（与 categories 相同教训）	publish/create 用扁平；解析读回用 value 包裹	写扁平、读解包	DOC-001	SCRIPT-001	EV-003
ISS-022	fixed	payload	create 后 draft slug 被替换为时间戳数字（1787...），publish 时带正确 slug 会纠正	草稿动作自动生成 slug	publish/update payload 必须带正确的 slug 与 productId/postId	不要用 create 返回的 slug 当作最终 slug	DOC-001	SCRIPT-001	EV-003
ISS-023	fixed	media	Wikimedia 图片下载 403：自定义 UA 被 CDN 拒（API 成功但 upload.wikimedia.org 拒绝）	Wikimedia 需浏览器 UA	下载用 Mozilla/Chrome UA；upload 侧同理	爬素材必须带浏览器 UA	DOC-001	SCRIPT-001	EV-003
ISS-024	fixed	misc	create_category2 偶发事务号不匹配（Given transaction number N does not match active M）	服务端事务错位（并发/时序）	原样重试一次即成功	重试而非换参数	DOC-001	SCRIPT-001	EV-003
ISS-025	fixed	frontend	详情页出现 No content is available yet. 空态	related 推荐区（product/post-related-grid）在目录单品/单篇时无推荐项即空态	删除详情模板页 related 模块（document 可编辑）或保持目录≥2 项	新增站时详情模板页纳入检查；空态扫描必跑	DOC-003	SCRIPT-001	EV-003
ISS-026	fixed	launch	详情/列表模板页（Post/Product 页 document）未纳入上线检查	验收范围只覆盖 3 个内容页	全站 7 页（含模板页）readback+公网空态扫描	模板页 document 改动后也要 readback	DOC-003	SCRIPT-001	EV-003
ISS-027	fixed	process	前置资料未收集就开工导致 demo 值进公网	流程缺前置检查	client-input-checklist 固化（品牌/昵称职位/邮箱电话WA/地址/资料文件）缺项阻塞	任何新站先发资料收集清单	DOC-002	SCRIPT-003	EV-003
ISS-028	fixed	double-review	TERRA P0: competitor-watch add/scan 裸调 fetch（HTTPError 未捕获）→ daily 整批崩溃；promote 对 add 失败仍置 monitored=y	urlopen 对 4xx 抛异常使 status!=200 死分支；promote 未看 add 返回值	fetch 统一 catch 返回 (code,'')+4MB cap；add 返回 bool；promote 成功才标记 y（失败置 add-failed）	异常路径每日运行必测	DOC-006	SCRIPT-007	DUAL-REVIEW-20260829.md
ISS-029	fixed	double-review	TERRA P0(上手): 查询命令路径不存在（00_shared 无 interface-kit 分发）；任务目录为空（无 TASK/HANDOFF）	权威副本未分发；任务真源只留在 client-task 任务目录	interface-kit 复制到 customer-runtime/00_shared/；client-task/30_tasks/<task>/ 补 TASK.json+HANDOFF.md；README 指针修正	新客户先分发 00_shared 再写 README	DOC-002	SCRIPT-009	DUAL-REVIEW-20260829.md
ISS-030	fixed	double-review	TERRA P1: site-registry.tsv 伪 TSV（#注释/| 行混入）；scan 从 profile.md 抠 URL；parse_sitemap 不支持 sitemapindex	表约定不严；真源未统一	TSV 纯化（注释移 site-registry.notes.md）；scan 真源=domains.tsv.sitemap_url；parse 兼容命名空间+index（子 sitemap 由 promote 二次收集）	表结构用真实 tab 头；多来源优先级写死	TPL-016	SCRIPT-007	DUAL-REVIEW-20260829.md
ISS-031	fixed	outsider-review	旁观审发现：HANDOFF/README 计数过期（49→51、18→27、25→33）与快速入口路径错误（interface-kit/PLAYBOOKS 不存在）	回填后未刷新计数；路径写错层级	计数改“以 verify/ls 为准”；验收合同补全仓根路径 sub-libraries/website-content-ops/PLAYBOOKS/id-0007；wiki 命令注明仅 client-task 可用	任何文档写具体数字/路径前核对其来源	HANDOFF.md	registry_tools.py	OUTSIDER-REVIEW
ISS-032	fixed	outsider-review	旁观审发现：TASK.json status=COMPLETE 与未决项矛盾	状态语义过粗	status 改 content_complete_launch_pending_real_email + open_items_summary	机器真源字段须与未决一致	TASK.json	-	DUAL-REVIEW-20260829.md
ISS-033	boundary	platform	表单提交 submitRuntimeFormAction 服务端 500（digest 753112626）——平台缺陷确认	已用真实邮箱(reviewer@example.com)+浏览器同源 fetch+精确 payload 三盲测仍 500；排除 API 用法/邮箱因素	向平台支持反馈；等待修复或使用替代询盘通道	任何站的表单均可能受影响——上线前实提一次（ID-0007 D-7），失败则记录平台缺陷	CAN-001	-	EV-003 + form 三盲测 2026-08-29
ISS-034	fixed	content	Slate 支持矩阵已完成（3 轮实证）：白名单 heading/paragraph/bold/italic/numbered-list/blockquote	渲染器仅实现极简块（link/image/无序列表不渲染或丢失语义）	按矩阵白名单使用；禁用 ❌ 块；文档 MODULES 三·五	写正文前查矩阵（MODULES 三·五）	DOC-003	-	EV-003 format-lab
ISS-035	fixed	contact	联系方式必须以用户提供为准并全站替换（138-0000-0000 示例：电话+WhatsApp）	demo 值散布 contact 页/首页/全站 globals 浮钮	用户提供→替换→contact 门扫描验证（contact-scan）→未提供项列入交付清单	联系方式必填收集；替换后 contact 门必跑	TPL-009	SCRIPT-003 contact 命令	contact 门 2026-08-29
ISS-036	fixed	copywriting	meta/流程备注泄漏进读者正文（(Guide is synthetic...)）；footer demo 标注在正式站亦伤信任	创作与审核未区分内部备注与读者可见文本	正文删除内部备注（移入交付/元数据）；正式站 footer copyright/systemNote 的 Demo/qualification 声明必须替换为真实版权	写作六段式不放 meta 备注；正式站发布前扫 footer 声明	TPL-020	ghostwriter-review-prompt	子 agent 评审 8e855277 + 重写发布
ISS-037	fixed	copywriting	文章缺层次/钩子/CTA（子 agent 评审 2/2/2/3 分 NEEDS_REWRITE）	未按六段式逻辑写作	按 article-writing-logic 六段式重写（标题钩+场景引言+痛点代价+阶梯+CTA）并发布	出稿必按六段式；发布前跑 ghostwriter 评审	TPL-020	-	重写后公网验证
ISS-038	fixed	format	Slate heading 实际不渲染 h2（此前矩阵误判：页面唯一 h2 是 footer 品牌区）	矩阵验证用全局 tag 计数，未做正文区定位	format-lab 逐 marker 精查；MODULES 矩阵改正（heading❌）；改用加粗段首做视觉标题；格式判定改动前必须重测	正文视觉层=加粗段首+数字加粗；任何矩阵结论改动先 format-lab	TPL-020	ghostwriter 5 维	fmt4 + 重写发布验证
ISS-039	fixed	format	CTA 用 Markdown [text]\(url\) 语法渲染成纯文本（用户截图暴露）	文案层误用 Markdown 而 Slate 不支持	正文禁 Markdown（方括号圆括号/#/** 语法）；CTA 自然语言；链接只进模块字段；写作逻辑加格式规则节	出稿自检无 Markdown 残留；ghostwriter 3 项新检查之一	TPL-020	-	重写后 strong=14/残留=0
ISS-040	fixed	frontend	正文排版难受（段落无间距/无标题/内链丢失）	Slate 正文无间距 CSS 且 heading 不渲染；related 模块曾被删（防空态）	空段落分隔+段首加粗+恢复 related（数据足后）+禁 Markdown；CSS 层平台边界记录（ID-0007 C8）	写文章按五·五格式规则；数据 ≥3 时保留 related	TPL-020	gate	截图复查 2026-08-29
ISS-042	fixed	seo-copy	第三方评审55分：CTA非真链接/正文缺语义层/数据绝对化/Quick Answer缺失/标题意图不稳	正文 CTA 只有文字；参数绝对化；未用 callout 做决策模块	详情页模板加产品推荐模块(真链接)；Quick Answer+承重公式+边界声明+图片来源callout；标题SEO化；五·四规则固化	专业决策页五件套：Quick Answer/公式/边界/来源/真链接CTA	TPL-020	-	评审修复验证 2026-08-29
ISS-043	boundary	platform	文档语言层平台边界（⛔ 禁令范围，不展开）	平台行为（第三方评审 2026-08-29 P0 实锤）	⛔ 禁令：不检查、不报告	不参与站内可修判定	ID-0007 A6	-	第三方评审 2026-08-29
ISS-044	fixed	seo-copy	评审2轮：callout 组件自带 emoji、产品模块混列3品、咨询CTA无归因、almost always 绝对化、单位不统一、缺 SHORT VERSION	组件默认图标不可控；模块选型不当（showcase 全列表）；CTA 未带 source	弃 callout 改纯文本标签段；产品推荐改单主品+咨询归因双卡(source=slug)；语言进一步边界化；单位全站统一空格；加 THE SHORT VERSION 决策闭环	规则与线上一致：纯标签/单主品/归因 CTA/单位模板	TPL-020/TPL-022	-	r3 截图验证 2026-08-29
ISS-045	fixed	visual-brand	评审4轮：主图含第三方品牌标识(Aqua Bound桨)+构图杂+无产品证明力；标题与正文预期差；缺边界声明/FAQ/作者信息	选图未按品牌规则(无logo/主体清晰)；内容未含场景边界	换 Hoover PD 素材(双人皮艇主体清晰无logo/Andrew Cattoir PD)；加 calm-water 边界声明段；详情页加 FAQ 模块(4问有边界答案)；作者=Product Team(平台字段缺失已记)	选图规则入库：无商业 logo/主体清晰/移动端裁切不丢主体；写作规则：场景边界声明必带	TPL-022	-	hero 替换+FAQ 验证 2026-08-29
ISS-046	boundary	platform	Demo 站 noindex 无法实现（工作台无 robots/noindex/seo 配置字段）	平台未提供 SEO/索引开关	记录 BLOCK+平台反馈；演示站保留 demo 声明（合规）；正式站需平台支持或清理文案	站长决策：demo vs 正式	ID-0007	-	noindex 探索 2026-08-29
ISS-047	fixed	verification	FAQ 答案初始 HTML 可见性——事实复核：**PASS**（4 答案首句全部 SSR；评审猜测不成立）	未做事实级验证即交付	事实级复核法（HTML 搜索答案首句+aria 检查）纳入验收	任何模块'完成'声明前必跑事实复核	MODULES	-	fact.html 2026-08-29
ISS-048	fixed	verification	FAQ 可爬取性——PASS（SSR 全答案）；aria-controls=0 为组件实现（记录）	同上	以初始 HTML 内容为准判定可爬取；控件语义待平台	验收以初始 HTML 为准	MODULES	-	同上
ISS-050	fixed	visual-brand	主图 alt 塞版权信息且与多船场景不符	alt 承载版权+描述不准	alt 纯画面描述（Kayakers paddling on a calm reservoir below Hoover Dam）；版权单独 PHOTO CREDIT	alt 规则：描述画面，不承载版权	image-checklist B·五	-	fix 验证
ISS-054	fixed	copywriting	open water 建议与 calm-water 边界冲突	边界声明与后续建议不一致	删除 open water 选型建议句，改为独立安全边界句（hull design/flotation/weather/waves/local guidance）	边界声明后不得出现冲突建议	TPL-020	-	fix 验证
ISS-049	boundary	visual-brand	主图为公共场景图，非 Demo Product 产品证明图（产品证明力不足）	无真实产品素材（demo 站）	记录 BLOCK；正式站需真实产品图（侧面全船/尺寸图）	产品卡/封面区分：封面=场景图，产品卡=产品图（真实素材到齐前不假冒）	TPL-022	-	Hoover 图 2026-08-29
ISS-053	boundary	platform	图片输出属性策略层平台边界（⛔ 禁令范围，不展开）	平台行为	⛔ 禁令：不检查、不报告；首图已有 preload	不参与站内可修判定	ID-0007 C8	-	fact.html 属性抽查
ISS-055	fixed	process	评审引用旧快照导致误判（FAQ无答案/alt未修），若盲从会错误返工	多轮评审存在缓存/版本滞后	对抗评审协议：先建最新事实矩阵+标注评审版本+证据回应，采纳真实点/平台BLOCK记录/旧快照点证据闭环	收到外部复核先抓现网，不盲从不傲慢	OUTSIDER-REVIEW §3	-	事实矩阵 2026-08-29
ISS-056	fixed	copywriting	标题与内容承诺未对齐（3 Specs vs 更多内容）；技术措辞仍偏绝对（tends to track/default）	标题未含边界词；技术句未带影响因素	标题加边界词（for Calm Water）+首段归类 fit checks；技术措辞模型（can/tend to+影响因素）；故事后置（先答案）	标题/措辞/顺序三条规则入库	TPL-020	-	r6 验证
ISS-057	fixed	trust	作者/审核/日期信息缺失（EA-T）	平台无作者字段	正文增加真实主体段（Product Team/Reviewed against spec/Last updated）；不虚构专家	真实主体+可追溯日期	TPL-020	-	r6 验证
ISS-058	fixed	verification	审计仅人工/靠文档提醒，可重复出现'文档说完成但前端未落地'	缺自动化机检门；人工清单靠自觉	site_pipeline.py audit 门（早期 14 项含平台层项，现为 13 项站内项+机器可读 JSON 报告）接入 ONBOARDING 2.9/ID-0007 B7/OUTSIDER §3.0	任何上线前必跑 audit；评审回应前先 audit 拿事实	DOC-002	SCRIPT-003 audit	audit-report-20260829.json
ISS-059	fixed	process	升级文章时 create_post 每次都新建草稿，同 slug 已发布版未复用→3 篇 Untitled Post 残留	create 与 update 混用；更新前未查 exact slug；历史 Registry BLOCK 后缺资格解锁配方	更新优先：read_lists resolve exact existing slug→reviewed update；不存在则跑 ISS-111 当前部署五步资格验证→canonical createPostDraft（唯一差集+同站回读+editor reopen）→reviewed update/publish；创建后 timestamp draft slug 由 update 覆盖	任何文章 mutation 先 resolve create/update；create 每部署/批次刷新资格证据且禁止自动重试；上线前 audit count/SSR/编辑器三层验收	WRITING-INDEX	allincms_api create_post; writing-module check	untitled-draft cleanup 2026-08-29
ISS-060	fixed	format	正文标题语义：我们一直用 type:'heading'（无标题样式），编辑器原生是 type:'h2'/'h3'（渲染 slate-h2 text-2xl）——此前矩阵判 heading 无效是'用错类型'而非'平台不支持'；blockquote 需包裹结构	从未从编辑器真实 payload（update 表单）提取块类型，而是自测猜测	从编辑器默认值 payload 批量提取块类型（h1-h6/bulleted/numbered/blockquote 包裹/带 id）；实测 h2/h3/blockquote(包裹) 生效，列表仍平铺	任何块类型判断前：先看编辑器/更新 payload 的正规格式；迁移文章用原生 h2 替换 bold 标签	MODULES 三·五	writing-module H2 helper; allincms_api publish_post	rsc-check+fmt6-native 2026-08-29
ISS-061	fixed	double-review	对抗审查 FAIL：callout 三源矛盾/迁移空格漏转/文档-代码脱节(skeleton/签名)/format-ref 计数/check 无禁用自检	多文档各自为政未单一真源；MIGRATE_LABELS 空格与范文不一致；实现先于文档	以 FORMAT-SPEC 为真源统一 MODULES/WRITING-INDEX；migrate 空格归一化+漏转报告；补 skeleton 实现;format-ref 补3行(image→false);check 加禁用自检+h3-only 提示;docstring 同步;计数修正(api-ref 23)	任何文档-代码对不上=评审必查；标签间距以范文为准归一化	FORMAT-SPEC	writing-module block/migrate/check	对抗审查 ea25e429
ISS-062	fixed	double-review	续接代码块对抗审查 PASS_WITH_FIXES：5×P1（cd 缺失/模块数口径矛盾/check 占位不可释且无 exit 码/§3 旧 14 项口径/证据目录未提）+6×P2（33vs34/token 未明示/HANDOFF 过期计数/无上下文未点破/ghostwriter 两套协议混用）	续接块早于审查生成、数字沿用旧口径、token/证据目录依赖隐性前提	重写最终版：cd 开头+token 明示+证据目录+14→15 旧口径标注+BLOCK 分账(机检4/总7)+H2 已绕过+check live JSON 导出+ghostwriter 两套协议区分+无上下文点破；OUTSIDER §3 14→15；FORMAT-SPEC migrate 签名修正；check 加 sys.exit	跨会话指引必须：路径基准唯一+数字实时核+可选前提显式化；更新后再自审一遍	OUTSIDER-REVIEW.md	site_pipeline audit; writing-module check	704ba0f7
ISS-063	fixed	process	audit 门硬编码 Demo 事实（页面/数量 3+4/FAQ 短语/CTA 深链/单位），对任何新站产生假 FAIL——Example 被误报 count/faq-answer/cta 三项	site_pipeline.py audit 把单站基线写死在函数体，未做 per-site 配置	audit 增加 --config <json> 站点基线（pages/count/faq_answers/cta/units/primary_article/required_h2），AUDIT_CONFIG_DEFAULTS 保留 Demo 向后兼容；Example 建 example-audit-config.json 后 4/4 通过	任何新站上线前 audit 必须带该站 --config；基线从内容计划(COP)取实建数，不得沿用他站	OUTSIDER-REVIEW §3; ONBOARDING 2.9	site_pipeline.py audit	AUDIT-FACT-MATRIX-20260829.md
ISS-064	fixed	process	audit add() 三态丢失：bool(None)=False 把'skip'坍缩成'失败'且 if not ok 把 skip 记进 problems；空 units 列表使正则 \b()\b 匹配空串	add() 用 bool(ok) 存值丢失 None；units 空表未短路	add() 改为保留三态(ok is None→⏭️)且仅 ok is False 记 problem；units 空表显式 add('unit', None, 跳过)	写机检门时 None=跳过/False=失败/True=通过三态分离；列表驱动的正则先判空	OUTSIDER-REVIEW §3	site_pipeline.py audit	audit-report-20260829-config.json
ISS-065	boundary	process	新站建站未先 index-first（registry_tools.py find），重复已知坑 ISS-001/002/003/018/024/059；'没按规则做'的核心原因=入口规则无强制 gate	0.0 索引优先是纯文档提醒，靠自觉；无 fail-closed 拦截	0.0 前置硬 gate：新任务第一动作必须 find + verify；audit 化后 count 项=实建数才过（ISS-059 已回填）；本次补齐 audit 每站 --config	任何新站/新任务：先 find 关键词再动手；audit 带 per-site config；找不到或踩新坑→回填 issues.tsv	ONBOARDING 0.0/2.9	registry_tools.py find	AUDIT-FACT-MATRIX-20260829.md §根因
ISS-066	boundary	platform	页面级 SEO description 为主题生成元数据（如 Posts 页 'A journal listing page...'），页面记录有 description 字段但全客户端 bundle 无任何 updatePage/seo action，无法经 API 改——与 homePageId/isHome 同类平台 BLOCK	default 主题模板自带页面 description；updateTheme 只覆盖主题名/描述，不覆盖页面元数据	audit 模板词扫描排除 meta/link 标签（script/style 之后）；页面元数据归平台 BLOCK 记入交付清单；可见文本残留仍判 FAIL	模板词检查只对可见文本判定；meta 层归平台	RUNBOOK-ANYONE §9; OUTSIDER §3	site_pipeline.py audit	audit-report-20260830-final.json
ISS-067	fixed	process	主题 domain 只有 /tmp 散脚本（createTheme/setThemeActive/applyRoutes/updateTheme/deleteTheme 42 位 action id），新 AI 无法复用；文章 CTA 真链接无配方；RUNBOOK 缺零上下文总入口	主题操作未沉淀进 allincms_api.py；会话内脚本失散	allincms_api.py 新增 create_theme/set_theme_active/apply_theme_routes/update_theme/delete_theme + THEME_ACTION_IDS（从 workspace 客户端 bundle 提取验证 42 位 id）；新建 RUNBOOK-ANYONE.md 零上下文 10 步手册 + §2 实测事实表 + §9 平台 BLOCK 回落表 + §7/§8 k3 写 flash 审工作流	任何新操作一旦实测成功必须沉淀为 api 方法+runbook 步骤；散脚本只留证据不承担复用	RUNBOOK-ANYONE.md; WRITING-INDEX.md	allincms_api.py	fix-post-cta.py / fix-posts-page.py / fix-remove-wa.py
ISS-068	fixed	seo-copy	Example 残留 demo 内容 4 处（对抗补充扫描发现）：post-detail 页 related 块 'More from the journal'；posts 页 page-header 'Journal/Product care and ideas' 与 recommendations 'featured in our journal'；social-floating-button WhatsApp 空号按钮（zod 空串回默认 wa.me/+44-7911-123456）	早期 demo 清理只扫了 TEMPLATE_WORDS 旧词表 + 首页/关于/联系页，未覆盖文章详情页/posts 页块 props 与全局浮动按钮；zod default 回填机制未识破	post-detail 加 material-story-split CTA 真链接(/contact-us?source=example-article) + related 文案换 Example；posts 页两块文案全换；浮动按钮整体移除（children+elements 同删，置空无效）；TEMPLATE_WORDS/DEMO_CONTACTS 补 13 个漏网 demo 词与 wa.me/+44-7911-123456	demo 清理必须覆盖全部 7 页 + 全局块（header/footer/dialog/floating）+ 详情页块 props；'置空'对 zod default 字段无效，移除=删元素；模板词表每遇漏网立即扩充	RUNBOOK-ANYONE §2/§9; MODULES	site_pipeline.py TEMPLATE_WORDS	fix-post-cta.py / fix-posts-page.py / fix-remove-wa.py
ISS-069	fixed	double-review	零上下文 subagent 对抗审查 RUNBOOK：NEEDS_FIXES，3 个新手必撞断点——①块类型三套词汇打架（§2 h2/§7 'p'/样例 'heading'）②§3 主题页断链（theme_id 无来源/read_page_document 返回结构注释错误/create_theme docstring 与 createSite 行为混淆/globals 一致性说法矛盾）③目录与凭据假设悬空（70_evidence 未定义、audit --out 不建目录、/tmp 脚本悬空、scan-actions 用法错误、allincms_api 顶部 docstring 全是旧签名、login 静默 no-op）	多轮修修补补导致词汇/签名/出处三处分叉，无零上下文复核	统一类型词法 p|h2|h3|blockquote（服务器存储形态实测）：post-payload-example.json 重写、writing-module 输出 p 输入兼容 paragraph、FORMAT-SPEC/MODULES 同步；allincms_api 新增 read_themes()；audit --out makedirs；login() 非静默；docstring 换真实签名；RUNBOOK §0 工作目录/token 双路径/路径约定/scan-actions 真实用法、§3 theme_id 获取链+返回结构+globals 按页存储；复核 subagent 二次判定 READY_TO_HAND_OFF	任何'任何人可用'类文档交付前必须派零上下文 subagent 实测复核（OUTSIDER-REVIEW §执行方式）；类型词法以服务器 readback 存储形态为唯一真源	RUNBOOK-ANYONE.md; FORMAT-SPEC.md; MODULES.md	allincms_api.py read_themes; writing-module.py	subagent f01ba19b review 2 轮
ISS-070	fixed	platform	根路径 / 修复：setHomePageAction（页面管理域，chunk 12rhvrcyv9te_ 懒加载于主题概览页 /{slug}/themes/{themeId}）。此前'无 setHome action'定论是错的——页面管理域不在已抓的 9 个主题域 action 里	只搜了主题面板+设计器 chunk；页面管理 UI chunk 未加载；POST 到 /{slug}/themes 返回 200 空 flight 静默无效果，误导为'平台 BLOCK'	allincms_api 新增 set_home_page/set_page_enabled + PAGE_ACTION_IDS(6)；修复顺序=激活主题→set_home_page；Example 根路径 / 已上线验证(err=0, Home | Example Corp)；audit 加 root-home 项(__next_error__ 检查)	'不存在'类结论必须注明'在已检查的 N 个 bundle/路径中'；同一 action 换 URL 路径重试（server action 路由绑定在页面路径上）；setThemeActive 会清 homePageId——先激活后设首页	RUNBOOK-ANYONE §2/§3/§9; ROOT-PATH-ISSUE.md	allincms_api.py set_home_page	root4.html err=0 / ROOT-PATH-ISSUE 终局节
ISS-071	fixed	boundary	createTheme(preset='default') 会在站点级重新种入 3 个 demo 产品+3 个 demo 文章（本轮 5 次 createTheme 后 read_lists 变 10/6，新记录 id 时间戳=创建时刻）——demo 清理不是一次性，重建主题后必须重跑	default 主题 preset 含站点示例内容种子；之前 demo 删除后以为一劳永逸	重建主题后立即重跑 demo 清理（delete_product/delete_post 按 demo slug 清单）；audit count 项自动暴露（products=7 posts=3 基线）	任何 createTheme 之后：audit count 核对 = 预期实建数；RUNBOOK §8 审计前先删 demo 种子	RUNBOOK-ANYONE §2	delete-demo-content.py	read_lists 10/6 -> 7/3
ISS-072	fixed	double-review	多代理对抗复核（4 代理并行：demo 终审/新站清单/一条龙手册/零上下文复核）NEEDS_FIXES：RUNBOOK §3 page_id 未定义(NameError)；ONBOARDING 2.6 仍教 heading/paragraph 旧词法（3 处）+ article-writing-logic 旧教义 + format-ref.tsv 3 行；audit 项数口径全线滞后（代码 16，RUNBOOK/ONBOARDING/OUTSIDER/FORMAT-SPEC/INDEX 写 15 甚至 14）；ISS-071 回填半途（delete-demo-content.py 不存在、demo slug 清单未入 kit、ONBOARDING 零提及）；create_theme docstring 与 set_home_page 自相矛盾；TEMPLATE_WORDS 漏 product care and ideas 与 twitter/x.com；MODULES 六词表旧 15 词	多项修复各自为政，文档-代码-证据三处未同步；无并发修改协调	全部修复：RUNBOOK §3 补 page_id；ONBOARDING 三处词法统一 p|h2|h3|blockquote + 2.9 加 set_home_page 与 demo 清理步骤；项数口径全改 16；新建 delete-demo-content.py（含 6 demo slug）+ 注册 doc-registry；create_theme docstring 指向 set_home_page；TEMPLATE_WORDS 补 3 词；MODULES 六词表改指代码真源；FORMAT-SPEC/article-writing-logic/format-ref 统一	多代理并行修改同一仓库时必须指定单一写者或事后全量 grep 口径核对；'旧词法'迁移必须 grep 全仓一处不留	RUNBOOK-ANYONE.md; ONBOARDING-PIPELINE.md; NEW-SITE-ONEPASS.md; templates/new-site-customization-checklist.md	delete-demo-content.py; site_pipeline.py	subagent 050debe1 review + 修复验证
ISS-073	fixed	platform	页面 meta description：①静态页（home/about/contact/posts/products）可经 updatePageAction 改（旧结论'无写路径'作废一半）；②动态路由页（/posts/{post}、/products/{product}）description 被服务端回退模板值（平台限制）；③页面 publish 可能重置 description→更新必须在最后一次发布后，公网以 curl meta 为准	页面管理域 updatePageAction 未发现；commit publish 会重生成页面记录	allincms_api 新增 update_page()；实测配方=updatePageAction→等 10s→commit publish 带 description 字段→curl 验证；5 静态页全部上线 Example meta	meta description 更新放最后；动态路由页 meta 归平台 BLOCK 记录	RUNBOOK-ANYONE §9	allincms_api.py update_page	5 页 meta curl 验证 + ISS-066 更新
ISS-074	fixed	content	多代理 demo 终审 FOUND_13：about 页两处公开模板文案（about-intro/company-story body）、products page-header demo 文案、产品详情 related 文案、6 个孤儿 demo 分类（Buying Guides/Daily Carry/Home Goods/Travel Essentials/Material Notes/Home Routines）、7 个孤儿 demo 标签	早期清理只删了 demo 产品/文章，未删 taxonomy；about/products 页部分块未替换	全部修复：4 处文案换 Example；allincms_api 新增 delete_category/delete_tag（chunk 35taj5359am8z 提取 6 个 taxonomy action id）；13 个孤儿记录删除；read_lists 验证只剩 Example 分类/标签	demo 清理必须含 taxonomy 层（分类/标签同样由 createTheme 种入）；新站清单加 taxonomy 清理节	templates/new-site-customization-checklist.md	allincms_api.py TAXONOMY_ACTION_IDS	subagent f41a3f0d 审计 + 修复后复扫
ISS-075	fixed	double-review	第 2 轮全量对抗审查（4 零上下文代理并行）：站点复验 CLEAN（13 处清零+16URL 200+内容完整）；但工具链抓出 12 处缺口——①site_pipeline docstring 15项+audit 内部'无写路径'过期注释 ②两条新文档：taxonomy 清理全链缺失/清单#162 meta 结论过时/#20 footer socialLinks 失实/#102 字段名错(postActionLabel)/#99 details 归属错/#62 proof-1 判定错/ONEPASS 路径基准断裂/步骤11 未用权威脚本/行数写死 ③README login 措辞张力	首轮修复后无第二轮独立复核；清单由单代理编写未经实测比对	全部修复：delete-demo-content.py 升级全链（产品+文章+分类+标签按名字删+自动复核，实测通过）；清单 5 处修正+⑩ 表补 158a taxonomy 行；ONEPASS 路径约定(TASK/IFK 变量+mkdir)+步骤11 权威脚本；site_pipeline 16项+注释更新；README login 措辞；行数引用去写死	任何新文档交付前必须过两关：零上下文审查代理 + 字段实测比对代理（与线上真源逐路径核对）；'已删/不存在'类判定必须以 readback 为准	NEW-SITE-ONEPASS.md; templates/new-site-customization-checklist.md	delete-demo-content.py	subagents 78f0dc6a/d1116064/a7196eb0/ef720c28 四报告 + 修复后复验
ISS-076	fixed	frontend	联系页表单整个不渲染：contact-form-split 块 formSlug 为空串（旧文档误标'无害回填'）——空 slug 时 RuntimeFormsProvider 找不到表单定义，<form>/<input> 全部不输出；此前'MODULES.md:7 把 formSlug="" 列入无害白名单'的结论错误	formSlug 是表单块的绑定键，空值≠无害，是断裂	contact-split-1.props.formSlug='contact-inquiry'（站点 initialForms 里的真实 slug）+save+publish；公网验证 <form>/<input>/<textarea>/Send message 全渲染；实测提交链路：POST 公开站 /contact-us + next-action=submitRuntimeFormAction(siteId 绑定) body=[siteId,{formSlug,values}] → {success:true}；注意 action 在公开站部署，workspace 域 404	表单块 formSlug 必须显式绑真实 slug；提交测试必须打公开站域；工作台无提交收件箱 UI（平台限制）→ 联系页必须保留邮箱兜底	RUNBOOK-ANYONE §9; templates/new-site-customization-checklist.md #78/回填表	allincms_api.py（提交测试脚本 /tmp 留档）	contact-after.html form 渲染 + submitRuntimeFormAction success:true
ISS-077	fixed	verification	ISS-076 修复后对抗复验又抓出一处：首页内联表单块 contact-1（非 contact-split-1）formSlug 也是空——同型断裂第二处；且 audit 此前无表单渲染检查项（表单断了 audit 仍 PASS）	只修了用户报告的那一处，未全站扫同型块；审计盲区	首页 contact-1 绑 contact-inquiry（公网验证 form=2：内联+弹窗）；7 页 globals 弹窗 formSlug 逐页核验全 ✓；服务端校验实测（缺必填→fieldErrors 逐字段）；audit 新增 form-render 项（contact-us 必须有 <form>+submit），17 项口径全文档同步；回落三层写入 RUNBOOK §9	修任何'某块断裂'类问题必须全站扫同型块（按 block type 扫 7 页+globals）；关键交互（表单/CTA/导航）要有对应机检项，不能只靠用户报障	RUNBOOK-ANYONE §9; site_pipeline.py form-render	site_pipeline.py audit(17项)	audit-report-20260830-final6.json VERDICT PASS
ISS-078	fixed	double-review	TERRA 双审（2 代理：凭据/风险/合规 + 矛盾/上手断层）两路 PASS_WITH_FIXES：①凭据 0 泄漏、事实与 BRIEF 合规（90/90/94 属实）②6 个 delete_* 无破坏性警告 ③demo 清理按名删 taxonomy 无引用护栏（误删客户真实同名风险）④删除无授权门 ⑤状态文档 3 处矛盾（HANDOFF frontmatter/TASK.json audit 引用算术/platform_blocks 含已修复 root）⑥文章 VSWR 配对事实错（2 条 low 旗标悬置）⑦formSlug 旧口径残留在真源 MODULES.md:7+3 处 ⑧ONEPASS §3.2 漏 form-render 行+doc-registry/FORMAT-SPEC 16 项残留 ⑨RUNBOOK demo 重种未回填 taxonomy ⑩routes/activate 顺序三文档分叉 ⑪ONEPASS page_id 缺赋值+步骤 0 无 token 前置+2 悬空脚本 ⑫DELIVERY 从未产出 ⑬入口链到不了 ONEPASS	多轮修复各自为政+无 TERRA 角色化终审；破坏性方法从未加护栏	全部修复：6 delete_* 加破坏性 docstring；delete-demo-content.py --dry-run+引用护栏（非 demo 引用即 SKIP）；删除授权门写入 RUNBOOK §8/ONEPASS 步骤 11；TASK.json/HANDOFF 状态修正+测试提交披露；文章 VSWR 改两系列<1.15（产品规格表证据）publish 上线；MODULES/ONBOARDING/ONEPASS/checklist 4 处 formSlug 旧口径归零；17 项口径补 doc-registry/FORMAT-SPEC/ONEPASS §3.2；RUNBOOK 重种回填 taxonomy；顺序统一 routes→activate→set_home；ONEPASS page_id/token 前置/悬空脚本；新建 DELIVERY-<site-key>-20260830.md；README/RUNBOOK 补 ONEPASS 第一入口链	大任务收尾必须过 TERRA 双审（凭据面+矛盾面）+DELIVERY 才算完；破坏性方法从第一天就要护栏	DELIVERY-<site-key>-20260830.md; DUAL-REVIEW 记录	delete-demo-content.py --dry-run	subagents 74eaeab6/2da9fbe8 双 TERRA 报告 + 修复清单
ISS-079	boundary	structure	结构性混层：母库根混 tracked 知识/customer-runtime/tmp 运行残留；64 tracked 修改跨客户活；/tmp 217 个跨会话散落（chunk/HTML/探测脚本）无分区无 TTL；工具 CWD 残留（contact-scan/audit-html 写相对路径）；skill 仓 dirty 3 文件	四层（可发布知识/工具代码/客户数据/会话 scratch）无物理分层，靠 .gitignore 兜底挡不住清理负担	结构约定写入 wiki/00_meta/id-0072-runtime-folder-structure-v2.md（四层分离 + 迁移方案 symlink 兼容）；site_pipeline.py 加 SCRATCH_DIR 环境变量（contact-scan/audit-html/gate-html 全部走它）；本会话 /tmp 垃圾清零（备份 real-theme-backup.json 先保进任务 70_evidence）	新工具产物一律 SCRATCH_DIR，禁 CWD 依赖；会话垃圾落 20_scratch/<日期>；迁移需用户授权	wiki/00_meta/id-0072-runtime-folder-structure-v2.md	site_pipeline.py SCRATCH	/tmp 残留计数 217→历史文件以外清零
ISS-080	fixed	structure	TERRA 结构迁移审查（71d23959）先修后迁六条件：①.gitignore 尾斜杠模式不匹配软链（抛弃仓实证：软链会被 git add -A 误提交为 symlink blob）②00_shared 软链变体会断运行区（内部绝对引用指向 10_clients）③相对软链以链接所在目录为锚（cwd 无关、整树搬迁有效，绝对链会断）④tracked 区绝对路径引用=0、运行区内部绝对引用经整目录软链全兼容 ⑤64 tracked 修改 8 文件抽查全部=知识升级（我的 41/23 总账成立，严格口径 43 工具配置+21 文档）⑥skill 仓 3 文件合规可 commit；id-0072 可入库但需补 visibility/redaction_status	迁移方案未实证 git 软链行为；00_shared 变体隐患未发现	已修：.gitignore 加无斜杠行（复刻实证通过：link-dir 被忽略）；id-0072 迁移节重写为 TERRA 六条件版+回滚一句话+软链运行必需警告；frontmatter 补 visibility/redaction_status；flash-2 核验本会话改动无损	任何 git ignore 规则涉及软链前必须实证 check-ignore 行为；迁移类方案先抛弃仓复刻验证再执行	wiki/00_meta/id-0072-runtime-folder-structure-v2.md	-	TERRA 71d23959 报告 + .gitignore:56 实证
ISS-081	fixed	structure	flash-1 结构方案审查（2d5a5ecf）需补漏后执行：①根因未隔离——64 tracked 修改主体在 sub-libraries/ADAPTERS（tracked 且客户活必改），mv customer-runtime 不解决'母库被改脏'复发 ②事实虚构——'母库 dist 同步 interface-kit'无源（母库 tracked 0 命中、dist 无），真实权威副本在 runtime ③TTL 会删证据（fluxpedal HANDOFF 引 8/12 artifacts 14+ 天基线 + 5 客户状态文件引 chunk//tmp 路径）④残留误判——REVIEW-RECORDS 实为 tracked、tmp/fluxpedal-site 无去向、.DS_Store 未 ignore、26 untracked 未分拣 ⑤flash-1 误报 1 处：'skill 无 git 仓'——.git 目录实证存在、TERRA 已核 3 脏文件合规	方案只迁移不动因；TTL 一刀切；部分残留分类未实测	id-0072 全部修订：REVIEW-RECORDS 归 tracked 不迁；'dist 同步'改'runtime 权威（现状）+dist 管线待建'置顶待办①；TTL 加 promote-to-70_evidence 豁免闸门+引用检查；规则区加 adapter 脏源承认（当日 release 快速通道/runtime-override）；迁移节补 fluxpedal-site 归客户区+legacy shim 标注；待办补 .DS_Store ignore 与 RUNTIME_ROOT 约定；flash-1 误报核销	结构方案每个'事实性主张'（同步源存在/某目录是残留/某仓不存在）必须实测核验再写；TTL 必须有引用豁免	wiki/00_meta/id-0072-runtime-folder-structure-v2.md	-	flash 2d5a5ecf 报告 + 修订后 id-0072
ISS-082	fixed	structure	第 2 轮结构对抗（flash 8a53f97a 复核修订 + TERRA ff467d52 干跑演练）：flash 判 6/6 修订落地达标可执行（建议执行序显式化+ln 前置闸门——已补 7 步执行序含闸门 A1/A2/B）；TERRA 判先修 3 条：X1 realpath 相对路径 cwd 依赖（实测错误 cwd 输出'看似成功'的错值）X2 缺显式 mv 步骤+无 mkdir+先 ln 会静默嵌套软链（10_clients 其实随树搬不存在缺失问题——用户前提不成立但顺序风险真实）X3 整树搬迁断 11 文件绝对引用+待办①应与迁移绑定授权；另 df 同卷断言+redaction_status 纯枚举化	第 1 轮修订后文档仍无显式执行序；验证命令相对路径；警告只覆盖删链漏了搬家	全部修复：7 步显式执行序（闸门 A1 目标不存在+A2 df 同卷断言+B ln 前置原目录不存在）一次复制可跑；realpath 绝对路径+断言期望值；警告 2 整树搬迁断 11 处绝对引用（列代表文件）+迁后改 $RUNTIME_ROOT 批次；绑定条款=授权迁移同时立项 interface-kit 真源；redaction_status 拆纯枚举+redaction_note	迁移类方案的验证命令必须绝对路径+断言期望值（防'看似成功'）；执行序必须显式编号含全部前置闸门；'删链'与'搬家'两种断链场景都要警告	wiki/00_meta/id-0072-runtime-folder-structure-v2.md	-	flash 8a53f97a + TERRA ff467d52 报告 + 修订后文档
ISS-083	fixed	boundary	对抗审查'能否完全不依赖浏览器纯 cookie 接口操作'：操作矩阵 10/10 全通（读 8+幂等写 2，全 API 无浏览器）；唯一浏览器依赖=首次取 token（login() 曾丢弃 Set-Cookie 响应头，机制上不可能拿 token）	_req 只返回 (status, body)，响应头全丢；Payload 标准 sign-in 会回 Set-Cookie: payload-token	login() 升级纯 API：_req 捕获 Set-Cookie 列表 → login 从中提取 payload-token（成功+失败双路径实测通过：错误凭据干净报错；真实凭据（用户提供）→ Set-Cookie 提取 357 字符 JWT → read_sites 返回 2 站 + set_home_page 写权限验证通过——浏览器依赖归零，全链路纯 API）	声明'不支持'前先查客户端是否丢弃了关键响应头；登录类能力分级=错误路径实测✓/成功路径标准实现未实测	RUNBOOK-ANYONE §0	allincms_api.py login/_req	操作矩阵 10/10 + 错误凭据实测
ISS-084	fixed	api-contract	产品 slug 与同站产品分类 slug 同名时 publish_product 报 validation.slug.duplicate（create 成功）	平台 slug 唯一域覆盖产品与 taxonomy	产品 slug 加后缀差异化（microwave-adaptors→microwave-adaptor-series）后 publish 成功；当前经 mutate_reviewed_product 唯一入口执行	产品 slug 避免与分类/tag slug 同名；brief 阶段即检查	NEW-SITE-ONEPASS 步骤7	site_pipeline/allincms_api	70_evidence/products/ + brief.json
ISS-085	fixed	api-contract	publish_post 报 zod validationErrors：siteId undefined / excerpt>200 / order undefined / coverImage undefined（products 流程无此约束）	posts publish 校验必填 siteId+order+coverImage 且 excerpt ≤200 字符	payload 补 siteId/order/coverImage，excerpt 截断 ≤200 后 publish 成功；当前 wire 字段由 reviewed wrapper 固定 projection 注入	写文章 excerpt 控制 ≤200；payload 模板对照 post-payload-example 全字段	NEW-SITE-ONEPASS 步骤8	allincms_api publish_post	posts/ 4 篇 payload
ISS-086	fixed	api-flaky	首次 create_category/create_tag 后紧邻动作撞 transaction mismatch（Given transaction number X...）且 create 响应 {} 无 id，易误判成功	切资源域后首个 server action 的事务号与服务端活动事务不匹配	GET 对应 tab 页刷新 router tree 后重发；回读用 label/value 对提取 id；字符串 grep RSC 原文核对存在性	taxonomy 创建后必须回读验证；解析 id 用 'label':'name','value':'id' 正则对	NEW-SITE-ONEPASS 步骤6	allincms_api	taxonomy-ids.json
ISS-087	fixed	api-flaky	posts publish 偶发 serverError Not Found（草稿仍在列表），重试同 payload 即成功	疑似瞬时事务/路由状态	读列表拿草稿真 id 重发一次	publish 报 Not Found 时先回读草稿再重试一次，勿重建	NEW-SITE-ONEPASS 步骤8	allincms_api	posts/ 发布记录
ISS-088	fixed	builder-api	hero() 的 actions/service_items/campaign_pills 传 dict 会被解包成键名字符串（按钮渲染为字面量 label/value）	构建器签名是元组列表 [(label,href,variant)]，dict 解包产出键名	改传元组重交，回读零差异	用 allincms_blocks 构建器前先读其 docstring 签名；回读 diff 必查 actions 文本	MODULES 一/A	allincms_blocks hero	pages/home.json
ISS-089	fixed	server-backfill	page-header-card 未传 stats 时服务端回填模板假政策（Catalog/Updated weekly + Support/Simple returns）	模块默认值回填（ISS-001 同类新字段）	stats 显式传真值（Catalogue/客户画册版本 + Contact/邮箱）	可显示字段全显式传的清单须随模块库更新补充 stats	MODULES 六	site_pipeline TEMPLATE_WORDS	pages/posts.json
ISS-090	fixed	audit-config	audit 的 units 是违规单位黑名单（demo 放 kayak 数值）误当白名单填合法单位→误报；faq-answer 只扫 primary_article 一页（跨篇短语必 miss）	config 语义：units=deny-list；faq 以主文章 raw 文本为单一检查对象	units 改英制残留黑名单；faq_answers 收敛为主文章实际 SSR 措辞（含 °C→degrees Celsius 写法差异）	写 audit-config 前读 site_pipeline 对应检查实现；短语以公网 SSR 原文为准	SCRIPT-003	site_pipeline audit	<site-slug>-audit-config.json
ISS-091	fixed	kit-defect	a867865 治理批把 site_pipeline.py:28 与 delete-demo-content.py:24 的 token 候选行改出引号嵌套语法错误（CI 无 Python 语法检查未拦，SyntaxError 直至 import 才爆）	跨文件批量改写 /tmp 路径为平台临时目录时的机械替换事故	两处按 allincms_api.py 收敛写法修为 candidates=[_token_file()]（工作树修复，commit 待授权）	治理批改动应过 py_compile 全量；建议 CI 加 python -m py_compile 步骤	-	site_pipeline delete-demo-content	git diff 工作树
ISS-092	boundary	platform-render	英文交付站 <html lang> 输出 zh-CN（内容全英文）	站点语言控制旋钮未知（站点 locale/主题/平台层）	待摸索（F7）；旋钮确认前按 BOUNDARY 登记+工单证据	lang 检查纳入 acceptance-v2 L1.4（⛔ 禁令范围待确认）	../templates/site-acceptance-v2.md	-	2026-09-01 匿名巡检
ISS-093	boundary	platform-render	静态顶层页（home/products/posts/about/contact）meta description 为主题模板默认文案（A complete home page 等）；动态详情页被服务端回退模板值（ISS-073 同域）	建站流程未覆盖页面级 meta 定制；动态页属平台限制	静态页 update_page 配方补定制描述（最后一次 publish 后复测防 ISS-073 重置）；动态页 BOUNDARY	acceptance-v2 L1.3 黑名单比对	../templates/site-acceptance-v2.md	-	-
ISS-094	fixed	kit-defect	全局 contact-dialog-form-modal 弹窗公开站不挂载：CTA 点击仅改 URL hash、零报错；对照厂商演示站发现其弹窗元素带 anchorId 且 SSR 出锚点壳 <div id=contact-form-dialog>，我站弹窗元素 anchorId=null	根因=builder contact_dialog() 建元素漏设 anchorId（header() 的 CTA 硬编码指向该锚点）；公开站渲染器对 anchorId=null 的弹窗全局元素整树静默丢弃——非平台缺陷、非表单配置问题	补 anchorId=contact-form-dialog 后 save+publish（发布时平台自动同步 globals 至全部 7 页）；builder 已修复为自动携带 anchorId；全站验证：锚点壳 7/7 页 + 产品详情页真浏览器开/填/Esc 关全过	anchorId 必须与 header cta_anchor 一致；验收判据=acceptance-v2 L2.8 点击实证（href 有效≠可用）	../templates/site-acceptance-v2.md	allincms_blocks.py	2026-09-01 厂商演示站对照定位+全站修复实证
ISS-095	fixed	conversion	B2B 交付站 WhatsApp 浮钮（social-floating-button）未配置，即时询盘通道缺失	owner 决策（2026-09-01）：该站为授权展示/演示场景，WhatsApp 用虚拟号 wa.me/867558888888（不命中 DEMO_CONTACTS 词表）；授权仅限本站，不外推其他客户站——真实客户站仍禁假号（本行 scope 注记）；wa.me/867558888888 即该固定电话占位数字去符号后的 E.164 风格国际纯数字写法（+86-755-8888-8888；非中国大陆移动号段，不声明真实 WhatsApp 可达）。	social_float 虚拟号加入 globals → 7 页发布 → 公网三页验证 + audit/contact/gate 三门重跑全绿	同类需求先问 owner 是否展示/演示场景；真实交付站依旧走真值催办；虚拟值必须为占位形态（不命中有线号码可路由段优先，如 8888/0000 尾段）、避开 DEMO_CONTACTS 全部词表并落授权证据——本批 755-8888-8888 为占位形态选值，最终以 owner 确认为准（如需绝对不可达可换 0000 尾段）	../templates/site-acceptance-v2.md	-	2026-09-01 匿名巡检
ISS-096	fixed	kit-defect	registry_tools.py gen 再生成 INDEX.md 时剥掉其不识别的 frontmatter 字段（description/created/visibility/redaction_status/sources/related），导致母库 7 步校验 mother-library/indexes 失败，需人工恢复	gen 的 FM 写出只保留白名单字段，未实现未知字段保留	gen() 改为合并式重写：读现存 INDEX.md frontmatter，保留非托管键及其续行（块序列/注释），仅重写 title/type/status/owner/last_updated；不识别形态 fail-closed 拒绝再生（对抗审查 P2 采纳）。实测：正常字段零丢失、块序列保留、坏形态拒写	生成器重写文档头时必须合并而非固定模板重写；gen 后必须复跑母库校验再提交（任何"gen 后字段消失"即回归本坑）	../index/registry_tools.py	registry_tools.py	2026-09-01 复现实测（gen 后 git diff -6 行）→ 修复后字段零丢失
ISS-097	fixed	content-contract	产品 create/publish 全字段 payload 的 content=[] 会产出有图/description/规格但正文区完全空白的“空心详情页”；旧 ONEPASS/示例/audit 只查数量与规格，未检查正文	product-payload-example.json 将 content 默认为空；ONEPASS 步骤7 无正文输入/验收合同；audit 13 项不读 read_product.content	示例改非空原生 Slate（应用/构造规格/订购指引）；ONEPASS 步骤7 要求每产品正文 facts+content；acceptance-v2 L2.1 增 read_product.content 非空+公网 article H2/事实短语 SSR；新增 site_pipeline.py product-content 独立扩展闸（后台 content/块/H2 + 公网 facts/空态），不改变 audit 13 项历史口径	产品交付至少 1 实质H2+正文事实段；content=[] fail；正文只用 p/h2/h3/blockquote，禁虚构事实；步骤12 必跑 product-content 并与 13/13 分开报告	../templates/site-acceptance-v2.md	allincms_api.py / product-payload-example.json	2026-09-01 示例客户站 5 产品正文补写+公网 5/5 SSR 实证
ISS-098	fixed	api-contract	产品首次 create 可接受 media source=url，但 publish/update 校验要求 siteId、media source=oss+path、categories/tags=id 字符串数组；把列表 readback 的对象数组或 url media 原样回传会连续 validationErrors	create_product 自动注入 siteId且 create/update schema 不同；publish_product 原未自动注入；read_lists 返回关系对象数组不等于写入形状	reviewed wrapper 使用固定 business→wire projection 注入 siteId/targetId/mode；ONEPASS/示例明确 publish-safe oss+path 与关系 ID 字符串；裸 API fail-closed	任何 read-modify-write 先按写接口 schema 归一化：media oss+path；taxonomy id strings；不得原样回传 readback 对象	../NEW-SITE-ONEPASS.md	allincms_api.py	2026-09-01 五产品 update 实测：siteId→media→categories 三层 validation 逐层暴露后 5/5 published
ISS-099	fixed	navigation	product-related-grid 按当前产品分类过滤并排除自己；分类只有一个产品时即使全站有5产品也渲染空态，不能当跨分类产品内链	动态 related 模块的数据源是同分类而非全站；旧判断只看全站产品数	最终方案：产品详情模板使用静态 feature-grid-proof 三条异目的地链接（产品总目录+两篇技术选型文章），避免产品自链；文章详情使用静态 feature-grid-proof 五产品各一条可见 action 链接，替代三重同向链接的 featured-product-list-showcase；acceptance-v2 L2.2 写明单产品分类禁用动态 related	产品详情禁自身 URL；文章产品卡每产品只保留一个拥有可见文本的主链接；内链必须模块 target 真<a>，正文 link 节点平台平铺禁用；对每个分类而非全站总数做空态验收	../templates/site-acceptance-v2.md	allincms_blocks.py	2026-09-01 转接器分类1产品：dynamic related空态→产品详情3条异目的地资源链接；文章详情静态5产品单链接；0空态/无自链/无三重同向链接
ISS-100	boundary	tooling	IAB Playwright locator.click/force click 与 DOM-CUA click 对公开站普通产品链接超时或无导航，但元素无遮挡、真实 href 存在，页面原生 HTMLElement.click 可正常导航	内置浏览器自动化点击桥对该站普通链接事件分发异常；非站点 href/路由缺陷（目标页 200、原生事件导航成功）	验收时记录工具边界：优先扩展/系统浏览器真实 pointer click；不可用时至少三证据=元素可见无遮挡+原生 click 前后URL+目标HTTP/正文；不得把 IAB timeout 误写站点 FAIL，也不得仅凭 href 冒充 pointer PASS	L4.1/L1.15 真链接验收必须区分站点行为与宿主工具行为；工具通道失败时降级证据须显式 WARN	../templates/site-acceptance-v2.md	site_pipeline.py	2026-09-01 产品/文章模块内链：IAB click超时，HTMLElement.click 导航 Z→F/文章→A，目标页正文SSR
ISS-101	fixed	data-loss	产品正文补写时复用过期 70_evidence/products payload，其中 specifications=[]；publish_product 是全量替换语义，5 个产品后台规格被真实清空，旧 audit/product-content 初版只查正文未拦截	存证 payload 不是 current state；前序 payload 形状转换已把规格丢成空数组；更新脚本错误把存证当读回真源	从 brief.json 事实真源恢复 36 项规格，5/5 publish 后 read_product 逐项 MATCH；product-content 闸升级为 required_specs 后台精确比对+公网规格键 SSR；ONEPASS/v2/SKILL/示例写明 current readback+brief merge；扩展闸规范化 NFC/trim 后按展示顺序+key+value 精确比对，公网 key/value 双 SSR	任何全量 update 禁复用历史存证 payload；先 current readback，再以 brief/COP 真源覆盖业务字段；空数组视为删除信号；正文/规格/media 三类必须更新后精确回读；规格顺序是采购阅读合同，服务端重排同样 FAIL	../templates/site-acceptance-v2.md	site_pipeline.py;allincms_api.py	2026-09-01 5产品规格 0→36 恢复：后台10/7/7/7/5精确MATCH+公网36/36键+PRODUCT_CONTENT PASS
ISS-102	fixed	review-contract	文章已有独立内容评审但未机器绑定最终 payload；产品 create/update 无独立内容审查硬门；修改后可能沿用旧 READY，无法证明评审对象就是发布 bytes	评审结果是自由文本/markdown，不含 operation 与 canonical payload digest；Skill 只要求授权/读回，未把内容评审设为 mutation 前置	受支持内容 mutation：product/article create/update 均走 strict review context+source digest+exact-operation fresh capability+frozen request evidence；article create 额外走 ISS-111 唯一差集+同站完整回读+editor reopen；异常只读对账且不盲重试	产品/文章 create/update 最终全字段 payload 必须 distinct reviewer READY；create 绑定 null target + payload digest，得到 exact ID 后 reviewed update/publish；payload/source/site/operation 漂移即失效	../templates/content-review-record.template.json	2026-09-03 qualification run+4篇文章真实发布；canonical create transport/Registry/profile/host handler 由后续工程升级补齐	2026-09-02 最终工程红队P0-P3=0 GO；content selftest PASS；runtime profile160/160；9/9 strict records；5产品+4文章 authoritative exact readback；article.create全入口BLOCK
ISS-103	fixed	fact-error	Z-TEST 的 100 mm 弯折曲线测试圆直径被多处误写成产品最小弯曲半径/直径；原图 P5 实际 minimum bend radius=25 mm (1 inch)	OCR/早期事实提取把 P6 curve OD=100 mm 与 P5 product bend radius=25 mm 串线；后续文章/brief/product/audit 继承错误	回读原图 P5，source/brief/Z产品/Cable+Armor文章/config 全部纠正；100 mm 仅绑定 KN26 1m 曲线测试条件，25 mm绑定产品最小弯曲半径；旧 records digest失效后重审	参数跨页时必须回原图核表头/对象；OCR 数字不得在未确认字段归属时写入产品规格；事实更正后 payload/source review records 全部重建	../templates/product-content-review-prompt.md	content-review-gate.py	2026-09-02 page-05原图 + Z/Cable/Armor独立复审 + strict records
ISS-104	fixed	fact-error	Z-TEST 165°C 早期只记录未铠装+耐高温管，漏掉不锈钢铠装+耐高温管同为165°C；六种温度配置未完整进入规格	OCR 行分组丢失，未逐格读取 P5 Temperature Range 表	原图核对后恢复六配置：unarmored105/unarmored+HT165/PVC75/PUR85/SS150/SS+HT165；brief/product/articles/config 同步并以规格双闸核验	表格类事实必须逐行保存配置名+数值，不得把同值合并成唯一配置；product-content required_specs按顺序key/value精确校验	../templates/site-acceptance-v2.md	site_pipeline.py	2026-09-02 原图P5 + 后台/public 规格读回

ISS-105	boundary	product-mutation	新建站产品 upsert 不接受 media.source=oss(+path)：服务端静默拒绝整个 payload，产品保持 Untitled（name/slug/specs/content 全不落库）；且该站 scan 只暴露 upsertProductAction，无 createProductAction，导致 mutate_reviewed_product(target_id=None) create 路径也产生空 Untitled |且specifications.value有200字符上限(validation.specifications.valueMax200)：型号清单这类长文本放content正文而非specifications，否则整个update被拒回退Untitled	平台产品 media 字段对 source=oss 形状校验失败（此站媒体记录 source=oss 但产品写引用需 source=url）；create 仅生成 draft 空壳，业务字段只在 update/publish 注入；spec value>200字符触发valueMax200校验拒绝	产品 business payload 的 media 必须用 {source:url, url:<真实CDN url https://assets.laicms.com/<site>/<file>.jpg>}（url 从媒体读回/migrate拿），并用 update 路径 mutate_reviewed_product(target_id=existing draft id) 或 publish transport；先经 UI Create 得 draft id 再 update 填字段；长清单(型号/参数)放content正文，specifications只留短value(≤200)，并读回校验validationErrors是否空	新建站产品写入一律走 update/upsert + media source=url；不要用 source=oss；用 scan 确认该站是否有 createProductAction 再决定 create vs update；specifications.value保持≤200字符；长明细放content；每次publish后检查validationErrors	../RUNBOOK-ANYONE.md|../NEW-SITE-ONEPASS.md	allincms_api.py|content_review_gate.py	2026-09-02 新站98i8j1n1gb后台+API实测：UI name写入成功/raw upsert source=url写入成功/source=oss失败保留Untitled
ISS-106	boundary	globals-mutation	save_home 传自建的 globals 结构不覆盖页面级 globals：readback 仍是旧值（本站在 header brand/ctaTarget 上验证：自己重建 G 设 ctaTarget=action 无效，readback 仍 custom href=/contact-us）。正确写入方法是读原始 globals、只改目标单字段、其余原样回传 save_home+publish。另：导航 CTA 弹窗 = header-dropdown.props.ctaTarget = {type:action, anchorId:contact-form-dialog}（公网 #contact-form-dialog），非 custom href 跳页。二者改动须站点级 publish（非页面级 save/publish）才推 CDN。	AI 用自建 G 覆盖 save_home 时，服务端可能因结构不符(缺 children/anchorId 等)回退用存储值；site publish 才触发 CDN 刷新，页面级 save/publish 只改该页 document	改动 globals(header/footer/ctaTarget/品牌)必须：read_page_document 读原 ip['globals'] -> 仅改目标字段 -> save_home(intent=save) -> readback 确认 -> save_home(intent=publish)；CTA 弹窗用 {type:action,anchorId:contact-form-dialog}；涉及站点级可见改用后台设计器 Publish 或确认 CDN 刷新	globals 字段改动一律读原值改单字段回传，不重建；ctaTarget 弹窗 anchorId=contact-form-dialog；站点级改动用设计器 Publish；改后 readback 验证	../NEW-SITE-ONEPASS.md|../new-site-customization-checklist.md	allincms_api.py|content_review_gate.py	2026-09-02 参照弹窗站(弹窗参照)+bathroom 站实测：自建G->readback旧值；读原值改ctaTarget->readback=action；公网 #contact-form-dialog 弹窗
ISS-107	fixed	module-grid	模块 columnCount 与实际条目数不匹配时公开站渲染空白列/空卡：feature-grid-proof columnCount=3 只填 2 条 proofRows → 第 3 列只剩边框空白卡；category-showcase-grid columnCount=4 只填 2 items → 每卡仅 292px 占左半幅、右侧约 540px 空白。附带发现：hero-commerce 标题 text-7xl 固定 72px 在 ~426px 左列内长标题堆 6 行且连字符首词 Wall- 被断成孤儿行（缩短为 42 字符无连字符词后 4 行 288px 无孤儿）；左列 content-between 布局（文字顶/服务条底）造成的中段空隙是模板设计意图非 bug；吸顶导航 bg-background/95 半透明，用户滚动中截图出现文字穿透导航的鬼影，易误判为重叠 bug	模板网格按 columnCount 固定生成 N 列，条目不足不折叠不报错；标题字号固定不随列宽缩放；导航 95% 不透明度故意保留 5% 内容透出	网格类模块落库前校验 columnCount==len(items/proofRows/reviews/stats/values)，要么改 columnCount 要么补齐条目；本次实测：features 补第 3 行 03/Materials（Brass and stainless steel，链 /about-us）、categories columnCount 4→2，IAB 实测分类卡变 2×600px 满宽、features 三列 x=174/578/983 全满；hero 标题改 Coordinated accessories for every bathroom。截图报障诊断套路：先排除半透明导航穿透（滚动截图固有），再 IAB evaluate 量 section rect + computed gridTemplateColumns 定位元素（视觉模型会误读 6800→9600、乱排区块序），最后 grep 公开 HTML 核对内容是否真缺失	所有带 columnCount 的网格模块（category-showcase-grid/feature-grid-proof/social-proof-quotes/company-stats-grid/company-values-grid/company-team-grid 等）提交前检查列数=条目数；hero/大标题避免连字符词开头并控制长度；用户截图报障先跑导航穿透排除+DOM 实测再定性 bug；模板固有行为（content-between 空隙、产品卡 line-clamp 截断、奇数卡末行空位、95% 导航）登记不硬改	../MODULES.md|../RUNBOOK-ANYONE.md|../NEW-SITE-ONEPASS.md	-	2026-09-02 bathroom 站实测：columnCount 3填2/4填2 均出空白列；补行+改2后 IAB 量得满宽；改名 14 产品 14/14 零 reconcile 全量 canonical 匹配
ISS-108	fixed	activation-state	激活/生效状态键名陷阱+未生效诊断缺口：theme 列表激活键是 `active`(bool)，`isActive` 不存在（取 .get('isActive') 恒 None → 新 AI 过滤空列表崩溃/误判'没有激活主题'，2026-09-02 主会话实测踩中）；theme 行自带 homePagePublished(bool) 可免 curl 直接判根路径发布状态，无文档提及；page 行 enabled(bool)/_status、route status:'bound'、product 行 _status:'published' 均未入档；scan/audit 对全部状态字段零覆盖，机器闸抓不到 draft/未启用状态	字段名与直觉命名不一致（isActive 不存在）；状态字段只存在于 read_themes/read_pages/read_lists 的行记录里，历史 ISS-070 只记录了激活顺序没记录键名与验证方法	键名速查：theme.active(唯一激活标记)/theme.homePagePublished(根路径发布 bool)/page.enabled+page._status/route.status=='bound'/product._status=='published'。步骤10激活后验证：read_themes 取 active==True 的主题并核对 homePageId/homePagePublished；诊断'改动不生效'按序查：主题 active→homePagePublished→page enabled→route bound→save_home intent=publish readback→站点级 Publish（ISS-106）→CDN 重取；产品公开可见查 read_lists 行 _status=='published'（create-only 草稿不可见=ISS-105 另一面）	任何判断主题/页面/产品是否生效的代码只用实测键名（active/enabled/_status/homePagePublished），禁止 isActive；改动不生效先跑状态键诊断树再动手改；audit 扩展状态项列入计划扩展批	../RUNBOOK-ANYONE.md|../NEW-SITE-ONEPASS.md	allincms_api.py	2026-09-02 bathroom 站 read_themes/read_pages/read_lists 实测键名：theme={active:true,isActive:null,homePageId,homePagePublished,pageCount}; page={enabled,isHome,_status}; route={status:'bound'}; product={_status:'published'}
ISS-109	pending	media-upload	新站首轮串行 upload_media 出现服务端记录/元数据串扰：21 张串行上传产生 3 对同名重复记录且字节错位（名为 02/04/23 的记录装着 01/03/05 的字节）、01/03/05 记录缺失；且 upload_media 从响应文本抓 assets URL 不可靠（Server Action 响应 RSC 块内嵌多条媒体 URL，sorted()[0] 恒取到同一条 0wrbku.jpg，manifest 全错）	快速连发 multipart 上传时服务端对相邻请求的记录与元数据绑定发生交叉（确切机制未查，平台侧行为）；响应体含刷新后的媒体列表数据导致 URL 正则误配	上传后逐张对账：read_media_library 按 name 找记录；匿名 GET + PIL 解码 + aHash(16x16) 与本地原图比对（hamming<=10）选 canonical 字节真身；缺失 ref 重传；update_media 修 title/alt；错位/多余记录列清单待批删除。勿信响应 URL，勿跳过对账	串行上传每张后按 name+ahash 对账再进下一张；间隔≥2s；manifest 以媒体库为真源重建；审计词表加 'bytes 真身校验' 意识	../NEW-SITE-ONEPASS.md	allincms_api.py	2026-09-03 tengo 新站(sasdky8v5v)实测：21 上传→24 记录(3错位+3缺失)；aHash 反向匹配全部定位；canonical 重选后 21/21 hamming=0
ISS-110	fixed	form-module	contact_split builder 不产出 props.formSlug：该模块落库后公网只渲染表单卡外壳、同页 0 个 <form>（表单区空壳无输入框）；且 audit form-render 只查 contact-us，首页等内联表单卡页面是盲区（physolar 新站首页底部表单实测踩中，Tony 报障）	allincms_blocks.contact_split 参数表没有 form_slug，历史建站靠脚本手工补 props；audit 检查逻辑只覆盖 contact-us.html 一个文件	builder contact_split 增加 form_slug="contact-inquiry" 参数并产出 props.formSlug；audit form-render 扩展为：contact-us 有 <form> 且所有抓取页面中含 contact-form-split 的页面必须有 <form>，否则报 formSlug 断裂页清单	新站任何页面放内联表单卡（contact-form-split）都用 builder 默认 formSlug 或显式传 form_slug；建站后跑扩展 audit（首页盲区已入机器闸）；表单卡页面公网验证 <form> 数量	../NEW-SITE-ONEPASS.md|../RUNBOOK-ANYONE.md|../MODULES.md	allincms_blocks.py|site_pipeline.py	2026-09-03 physolar 站(yqvvdsd2f4)实测：首页 contact-1 无 formSlug→0 个 <form>；补 formSlug 发布后 1 个 <form>；扩展 audit form-render ✅ "内联表单卡页面均有 <form>"
ISS-111	fixed	article-create-qualification	历史 article.create 在工具层/Registry/canonical JS/host driver 多层 BLOCK；qualification run证明平台通道可用后完成全链解锁	能力状态散落在 Skill/SOP/Registry/接口实现/host driver/测试，缺四方 freshness 闸，导致平台已支持但 AI 读到任一旧 BLOCK 即降级	五步资格验证实测通过；实现 canonical createPostDraft + article:create/update/publish host handlers；Registry/profile/interface exposure 同步 canonical；check-contract-freshness 四方对照；read receipt+completion gate 双闸	每次 create 批次必须当前部署资格五步+strict review+fresh capability；canonical 路由缺 handler/仍 hard-BLOCK 由 freshness 闸直接 DRIFT；无证据不得降级签发	../NEW-SITE-ONEPASS.md|../RUNBOOK-ANYONE.md	2026-09-03 private qualification 0→1 唯一差集、editor 200、4篇 published；2026-09-04 canonical 全层升级+机器闸	2026-09-03 private qualification site 实测：0->1 差集恰 1、editor 200、4 篇 published（18:5x-19:0x）
ISS-112	fixed	gate-conflict-blockquote	两个门对 blockquote 的 Slate 结构要求互相矛盾：content_review_gate 要求 blockquote.children 包 {type:p,id,children} 嵌套块（平铺 text 被 children[j] must be p block 拒绝）；site_pipeline product-content 门空块判定只认 children[].text 平铺（嵌套 p 因取不到 text 被判空正文块 indexes=[9]）。同一 payload 无法同时过两门	两门由不同时期代码写就，对 blockquote 内层结构的假设相反且都未覆盖对方	产品正文绕开：blockquote 改为 p 段（Buyer tip: 前缀保留选型建议语义），两门同时通过；文章正文 blockquote 用嵌套 p 结构（writing-module check exit=0 兼容、review gate PASS）	产品 payload 禁用 blockquote（用 p+Buyer tip 前缀）；文章 blockquote 一律嵌套 p 结构；后续统一两门判定逻辑时以 content_review_gate 嵌套规范为准并同步改 product-content 门	../NEW-SITE-ONEPASS.md|../MODULES.md	content_review_gate.py|site_pipeline.py	2026-09-03 qualification run：产品 11 个 content[9] 两门往返失败后改 p 通过 11/11；文章 4 篇嵌套后 gate PASS 且 writing-module check exit=0
ISS-113	fixed	demo-backfill-hidden-fields	hero-commerce 与 carousel-campaign 的隐藏商城槽位未被显式覆盖时服务端回填 demo 值并在公网渲染：hero-commerce 的 productName/productDescription/productPriceLabel/campaignPills[].value/mediaMeta/actions[].label 六处（Weekender Tote/From $96/Waxed canvas/New season 残留多轮审计才清完）；carousel slides 每项的 price/product/primaryLabel/secondaryLabel 四处（Materials and care 等 tab 标签回填）。ISS-001 的字段清单扩展	服务端 zod 对 props 缺失字段应用模块模板默认（ISS-001 同根因），但 hero/carousel 的商城槽位字段清单远超 ISS-001 所列，逐轮审计逐一揭露	hero 覆盖清单：eyebrow/title/description/secondaryNote/media/actions[]：全部项均带 label+target/serviceItems[]：结构为 icon+title+description/campaignPills[]：label+value/mediaMeta/productName=/productDescription=/productPriceLabel=空串；carousel slides 每项显式带 price=''/product=''/primaryLabel/primaryTarget/secondaryLabel/secondaryTarget；提交后深度 readback diff	新站首页 hero/carousel 落库前对照本清单逐字段显式传值（空串可保持）；audit template 词表加 Weekender/Waxed canvas/From $/New season/Materials and care 等商城 demo 词	../NEW-SITE-ONEPASS.md|../MODULES.md	allincms_blocks.py	2026-09-03 qualification homepage 5 轮审计渐进揭露：hero 4 字段+carousel 4 字段+serviceItems 2 项逐一回填后 template ✅
ISS-114	fixed	module-odd-split	featured-product-list-showcase 固定渲染 1 featured 大卡+右侧 2 列小卡（共 6 产品位），产品数导致奇数落单时右栏显著高于左卡（qualification site 左 435px vs 右 1337px，左下大片留白）；字段无显示数量控制（仅 categorySlug/sortOrder），微调无解	模块写死 1+N 布局且 N 取决于产品总数，奇偶不可控	B2B 首页产品区改用 full-product-list-filtered（pageSize=8,columnCount=4,showToolbar=true）：均匀网格无落单、自带分类筛选、买家可一屏扫全产品线；首页导流职责由 CTA 与 /products 列表页承接	首页产品区优先 full-product-list-filtered；坚持 featured 布局时确保产品总数为偶数或接受落单；区块失衡先用 IAB evaluate 量左右列 rect 高度差再定改法	../MODULES.md|../NEW-SITE-ONEPASS.md	-	2026-09-03 qualification homepage 实测：1+5 落单换 full-product-list-filtered(8,4) 后公网 grid-cols-4 均匀渲染
ISS-115	pending	demo-taxonomy-delete	createSite 非首站种入的 demo taxonomy 部分记录不可删：4 个 products 标签（Buying Guide/Gift Pick/Material Focus/New Arrival）delete_tag 双路由（posts/products）均报 serverError Not Found（delete-demo-content.py 因引用护栏 SKIP，实际零引用）；公网产品列表页标签筛选下拉仍显示这 4 项	种子记录的 siteId 归属或删除接口对该类记录的行为异常（平台侧，机制未查）	登记为已知事项并提平台工单；不阻塞交付（零引用、不影响买家路径）；DELIVERY 已知事项列明	交付审计把 products 筛选下拉 demo 标签列为已知事项；平台修复后补删；勿反复重试删除	../NEW-SITE-ONEPASS.md	delete-demo-content.py|allincms_api.py	2026-09-03 qualification run：12 项删除成功后 4 标签双路由 Not Found；read_lists products tagOptions 仍含
ISS-116	pending	design-read-boundary	read_page_document 对含已发布文章数据的 /posts 列表页持续报 initialPayload not found in RSC payload（3 次重试均失败）；页面级文档改不了，页头/侧栏 demo 文案（Stories and guides/Journal/Guides and field notes/Explore by topic）无法经 API 修正	design 读取端点对该页返回的 RSC 结构与预期不同（可能与列表页绑定文章数据后的载荷形态有关，平台侧机制未查）	登记待平台确认；临时缓解=后台 UI 手改或等接口修复；audit template 项对该页的命中列已知事项	涉及 /posts 列表页文案改动前先探 read_page_document 可用性；失败即转人工路径并登记	../RUNBOOK-ANYONE.md	allincms_api.py	2026-09-03 qualification run：audit template 抓 posts.html 3 词；read_page_document 3 次 initialPayload not found
ISS-117	fixed	capability-window	mutate_reviewed_* 的 live capability 校验三连坑：(1) context.observed_at 距 now 超 30 分钟即 FRESH_LIVE_CAPABILITY_REQUIRED(interval/stale)；(2) evidence 文件与 context 的 observed_at 必须完全一致（mismatch 拒绝）；(3) evidence 文件改动后 context.evidence_digest 必须重算（sha256 of 文件字节）；capabilityRef 操作集与 evidence.verified_operations/action_ids 键必须精确等于 required_operations	30 分钟窗是防重放设计；evidence 与 context 双层校验字段严格相等	批量 mutation 前统一刷新：重写 evidence.observed_at=now、重算 evidence_digest、context.observed_at 同值、expires_at=now+<=28min；批量中途超窗即整批刷新再继续	每次批量 mutation 脚本开头统一生成 cap 字典（单点刷新），禁止复用上一批的 capability context	../NEW-SITE-ONEPASS.md	content_review_gate.py|allincms_api.py	2026-09-03 qualification run：11 产品创建首轮全拒(interval)、二轮 evidence mismatch、三轮统一刷新后全过
ISS-118	fixed	readback-shape	读取响应形状陷阱集：read_product 返回 {status, product}（数据在 ['product'] 键，取 data 层全 null）；create_site/mutate create 的响应 data.id 时有时无（qualification run 11 产品 create 响应 id=None 但 11/11 实际成功）；read_lists 的 categoryOptions/tagOptions 行是 {label,value,parentId}（用 label=分类名非 slug）；brief 用 slug、后台用 name，组装 payload 时键名错位 KeyError	各接口响应包一层结构或字段命名不一致；create 的 Server Action 响应不总是回显记录	以 readback 对账为唯一真源：create 后 read_lists/read_sites 差集取 ID；read_product 取 ['product']；组装 payload 前先建 slug->name->id 映射表；禁止从 create 响应直接解析 id 判成败	所有 create/update 后必须 readback 对账再报告结果；payload 组装脚本先打印映射表自检	../NEW-SITE-ONEPASS.md	allincms_api.py	2026-09-03 qualification run：11 产品 id=None 实为全成功；automotive read_product 全 null 系取错层；分类映射两次 KeyError
ISS-119	pending	canonical-handler-freshness	Registry route 标 canonical 不保证 host driver 真可执行：2026-09-04 全流程对抗发现 article:create/update/publish 三路 handler 缺失且 canonical JS createPostDraft 仍 BLOCK；进一步发现 product:create handler 伪造 beforeProductIds=[]、created ID=plan identity、after IDs=[plan identity]，违反不得虚构未来 ID/快照规则	过去 freshness 只对照 Registry 与 Python helper，不扫描 canonical JS export、host driver handler 和 provider 证据来源；Registry 测试只验路由 metadata，不运行真实 handler	新增 check-contract-freshness.py 四方对照（Registry/canonical JS/host driver/Python helper/read-contract）；article 三路 handler + createPostDraft 严格实现；product:create 改真实 before/readback providers；缺 handler/硬 BLOCK/伪快照即 DRIFT	每次 Registry capability 升 canonical 必须同一变更含：canonical export+host handler+verification profile+成功/负向测试+freshness PASS；禁止只改 Registry/文档；create handler 禁止 beforeIds=[] 或从 plan identity 伪造 remote ID	../NEW-SITE-ONEPASS.md|../RUNBOOK-ANYONE.md	check-contract-freshness.py|article-operations.mjs|content-plan-host-driver.mjs	2026-09-04 全流程对抗：freshness v1 误报PASS；v2立刻抓 article 三路缺handler+JS硬BLOCK；产品假快照红灯待修
ISS-120	fixed	env-install	环境安装断点合集（a Windows 10 field build）：商店占位符 python 非真 Python（python/python3 命中后弹商店）；install.py 在 mklink junction 已创建成功时仍 UnicodeDecodeError 报失败（cmd/mklink stderr=GBK，Python 按别的编码严格解码崩溃）；install-deps pypdf 检测被 pdftotext 短路（有 pdftotext 时 pypdf 缺失不进安装清单，但 docs-parse 解析路径 import pypdf 失败）；--yes 安装后同进程复检仍报 missing（包装进 --user site-packages，当前进程 sys.path 未刷新）；Git Bash MSYS 把 - 开头参数转成路径	Windows 控制台本地编码 GBK 与 Python 子进程文本解码假设不一致；检测逻辑 or 短路（pdftotext or pypdf）掩盖真实依赖；同进程 find_spec 看不见刚装的 --user 包；MSYS 路径转换默认开启	install.py 全部 subprocess.run 加 encoding=utf-8+errors=replace（解码永不抛异常，乱码仅影响展示，安装成功不再误报失败）；install-deps pypdf ok 判定改新开子进程 python -c import pypdf 实测、复检同口径；--yes 直接装 requirements 全部 4 包（不只缺失项）；Git Bash 传参前置 MSYS_NO_PATHCONV=1	Windows 环境先辨真 Python（官网安装包或 py -3，关闭商店占位符）；带 - 参数的命令在 Git Bash 用 MSYS_NO_PATHCONV=1；安装器类脚本子进程文本解码一律 errors=replace	../SETUP.md|../../SKILL-INSTALL/install.py	install-deps.py|../../SKILL-INSTALL/install.py	2026-09-04 双机实战（macOS+Windows 10 field build）
ISS-121	fixed	docs-parse	图片型 PDF（无文字层）在无 poppler 的 Windows 上 pdftoppm 不可用；pypdf page.images 可作嵌入图提取平替；宣传页整页裁剪图自带标题/营销字——带字整图即该客户素材的质量上限，再裁只会更糊	pdftoppm 属 poppler 套件（Windows 默认不带）；pypdf page.images 直接取 PDF 内嵌图对象无需渲染；宣传页图片本身嵌字，坐标裁剪无法去字	无 poppler 时改用 pypdf page.images 提取嵌入图（pip install pypdf 即得，跨平台）；裁剪仍按预览页相对坐标+目检去字残留；带字整图降级用作背景/氛围图，产品主图需求在 brief 阶段早提示客户给干净图	接资料先探 PDF 有无文字层+本机 poppler（doc-capability-check）；图片型素材的质量上限提前与客户对齐，不要等交付才发现主图不可用	../NEW-SITE-ONEPASS.md	install-deps.py|doc-capability-check.py	2026-09-04 双机实战（macOS+Windows 10 field build）
ISS-122	fixed	media-upload	upload 两段式陷阱集：multipart 只传文件+siteId，title/alt/caption 位置参数不生效（上传后记录名=文件名 stem）；返回的 media_urls 是历史累积全量（每次含全部历史 URL，非本次新增）；read_media_library 返回键为 {status,media}（mediaLibraryItems 包在 media 里）	上传 Server Action 端点不收元数据字段，SEO 元数据必须二次 update；响应体含刷新后的媒体列表导致 URL 正则抓全量；媒体库 RSC 再包一层结构	allincms_api 新增 upload_media_with_meta(site_slug, site_id, file_path, title, alt, caption='')：upload→read_media_library 按 name 匹配最新（createdAt/updatedAt 最大者）→update_media 回写→返回 {id,url,path,title,alt}；找不到匹配记录抛错并提示按 ISS-109 对账	上传后一律以 read_media_library 为唯一真源；勿把 media_urls 当本次结果；SEO 元数据回写是必做第二步不可省	../NEW-SITE-ONEPASS.md|../RUNBOOK-ANYONE.md	allincms_api.py	2026-09-04 双机实战（macOS+Windows 10 field build）
ISS-123	fixed	api-flaky	taxonomy/product 写入竞态：create_category2/create_tag 偶发 Given transaction number X does not match active transaction number Y（Mongo 写冲突/事务错位）且 create 响应常 {} 无 id 易误判成败；产品/内容写入同类竞态	服务端事务号错位（并发/时序，间歇性）；create 的 Server Action 响应不总是回显记录	allincms_api 模块级 create_taxonomy_safe(api, slug, site_id, kind, name, cslug, content_type, retries=3)：每轮先 read_lists 对账（categoryOptions/tagOptions 行 label=名/value=id）确认不存在→create→回读取 id；错误含 transaction number 时 sleep 5→8→13s 重试；分类 cover 显式 None；已存在直接复用返回 id	taxonomy 创建走 safe 封装或手动对账→重试同一请求；勿换参数重试；id 只能从回读拿（ISS-086）；连续竞态即退避等待	../NEW-SITE-ONEPASS.md|../RUNBOOK-ANYONE.md	allincms_api.py	2026-09-04 双机实战（macOS+Windows 10 field build）
ISS-124	fixed	api-contract	产品 slug 与分类/tag slug 同 namespace 重复（ISS-084 冲突域）只在 create 后 publish 阶段暴露 validation.slug.duplicate，整产品返工；建站前无机器预检	平台 slug 唯一域覆盖产品与 taxonomy；brief/内容计划阶段无跨类查重	新增 TOOLS/interface-kit/check-slug-namespace.py <site-slug> [--json]：read_lists products+posts 的 categoryOptions/tagOptions(label+value)+产品 slug 列表拉平同 namespace，产品×taxonomy、产品×产品重复=冲突清单+exit 1；taxonomy×taxonomy 跨域同名不判（demo 种子同名 tag 属合法常态）；taxonomy slug 无显式字段时按 slugify(label) 推导	建站前（ONEPASS 步骤 0/3 前）与批量写产品前跑该脚本；命名计划阶段避免产品名与分类/tag 同名；冲突修复=产品 slug 加后缀差异化	../NEW-SITE-ONEPASS.md	check-slug-namespace.py|allincms_api.py	2026-09-04 双机实战（macOS+Windows 10 field build）
ISS-125	fixed	capability-window	mutate_reviewed_product 的 live capability 手写刷新模板易错：observed_at 双层同值/digest 重算/操作集精确匹配（≤30 分钟窗）任一漂移即 FRESH_LIVE_CAPABILITY_REQUIRED；两机实战重复踩	防重放双层（context+evidence 文件）严格相等校验；手工组装字段多且分散	allincms_api 新增 refresh_product_capability(site_slug, site_id, task_root, client_id, task_id, ttl_minutes=25, operation='create'|'update')：GET 列表页观察 CREATE_PRODUCT+首个产品编辑页观察 UPSERT_PRODUCT→写 70_evidence/ 证据→返回经 verify_live_capability 自检的 context；无产品返回 None 并提示需先有产品	每批 mutation 前必须重建（30 分钟过期，ttl 默认 25）；create/update 操作集分开刷（不能合并三操作集——gate 要求精确等于 required_operations）；批量中途超窗整批刷新	../NEW-SITE-ONEPASS.md|../RUNBOOK-ANYONE.md	allincms_api.py|content_review_gate.py	2026-09-04 双机实战（macOS+Windows 10 field build）
ISS-126	fixed	review-contract	content_review_gate 的 fact_source_refs 解析基准=review record 所在目录：ref 写相对路径而事实源文件不在 record 同目录时，按 record 目录拼接后 missing/outside runtime scope 被拒	gate 以 review record 目录为相对锚点并强制落在 runtime_scope_root 内（防任意引用）；跨目录事实源必须显式绝对路径	事实源不在 review record 同目录时 fact_source_refs.ref 一律写绝对路径（仍须在 runtime_scope_root 内）；brief/事实文件与 review record 同放 70_evidence/ 可减少相对路径歧义	写 review record 前确认锚点=record 所在目录；跨目录引用先 realpath 自检在 scope 内；相对路径只用于同目录文件	../templates/content-review-record.template.json|../NEW-SITE-ONEPASS.md	content_review_gate.py	2026-09-04 双机实战（macOS+Windows 10 field build）
ISS-127	boundary	canonical-transport	canonical JS Controller 的 article.create 执行 transport 当前示例仅 macOS+Chrome（三 provider 依赖真实浏览器会话）；a Windows 10 field build 下 article.create BLOCK（三 provider 不可伪造）=设计如此而非缺陷；跨平台 transport 方案待做	articleBeforePostIdsProvider/articleCreateReadbackProvider/articleEditorReopenProvider 必须由宿主注入真实 provider（ISS-119 禁伪造空快照/未来 ID）；Windows 宿主缺等价 transport 实现	Windows 下按 BLOCK 分支执行：provider 不齐即不远程创建（本地成稿+独立评审+review records 照做，DELIVERY 首行记录 article.create=BLOCK）；执行路径决策树写入 RUNBOOK §8；跨平台 transport 列为待做专项	不得为过门伪造 provider 数据或降级 Python 直发（第二执行面禁令）；BLOCK 时按 ONEPASS 步骤 8 provider 不齐分支交付并移除空文章入口	../RUNBOOK-ANYONE.md|../NEW-SITE-ONEPASS.md	content-run-controller.mjs|content-plan-host-driver.mjs	2026-09-04 双机实战（macOS+Windows 10 field build）
ISS-128	fixed	demo-backfill	页面层 demo 回填合集（多轮审计才清完）：轮播 slide 的 price 回填 From $96（必须显式空串）；面包屑/列表工具栏/表单字段标签等模板英文硬编码不可经 props 改；页面 publish 会重置页面 name；软 404（不存在路径 200 Runtime 壳）；html lang 用平台默认；公司名张力（模板公司名 vs 客户名）按客户指示执行	服务端 zod 对缺失 props 应用模块模板默认（ISS-001/113 同根因的页面层扩展）；部分文案编译进组件无配置面；其余为平台渲染行为	对照 ISS-113 隐藏槽位清单逐页逐模块显式传值（price/product 等可空串）；不可 props 化文案登记为模板边界不硬改；publish 后复查页面 name；软 404 与 html lang 登记已知事项；公司名出现处按客户指示取舍	新站落库前用词表扫描脚本对 doc JSON 一次清零 demo 词（勿等 audit 渐进揭露）；每次 publish 后抽查页面 name 与隐藏槽位回填	../NEW-SITE-ONEPASS.md|../MODULES.md	allincms_blocks.py|site_pipeline.py	2026-09-04 双机实战（macOS+Windows 10 field build）
ISS-129	fixed	capability-registry	capability_routes 声明 blocked ≠ 代理层实际不可用：某实战案例中 delete_site 被 registry 标 blocked，但 allincms_api 直连实测成功执行	registry 声明是合同层快照，代理层真实能力随部署演进；两层更新不同步，声明滞后于实际	重要动作以真实请求验证为准：先读对账/小步试探再执行（delete_site 实测确认可用）；RUNBOOK §2 登记 registry 声明不代替代理层实测	判断能不能做先小步实测（读操作/对账先行），不拿 registry blocked 当终局结论；破坏性动作无论声明如何都必须先取得用户明确授权	../RUNBOOK-ANYONE.md	allincms_api.py	2026-09-04 双机实战（macOS+Windows 10 field build；delete_site 实测成功）
